"Journal Data Filtered By:  Selected Categories: PUBLIC, ENVIRONMENTAL & OCCUPATIONAL HEALTH Selected Editions: SCIE Selected JCR Year: 2020 Selected Category Schema: WOS Selected Open Access: N Indicator: Default"

Journal name,ISSN,eISSN,Category,Total Citations,2020 JIF,JIF Quartile,2020 JCI,% of OA Gold
"MMWR Surveillance Summaries","1545-8636","1545-8636","PUBLIC, ENVIRONMENTAL & OCCUPATIONAL HEALTH - SCIE","3,806","58.769","Q1","14.39","0"%,
"MMWR Recommendations and Reports","1057-5987","1545-8601","PUBLIC, ENVIRONMENTAL & OCCUPATIONAL HEALTH - SCIE","3,288","55.857","Q1","21.16","0"%,
"Lancet Global Health","2214-109X","2214-109X","PUBLIC, ENVIRONMENTAL & OCCUPATIONAL HEALTH - SCIE","16,662","26.763","Q1","6.5","100"%,
"Annual Review of Public Health","0163-7525","N/A","PUBLIC, ENVIRONMENTAL & OCCUPATIONAL HEALTH - SCIE","9,927","21.981","Q1","3.47","66.27"%,
"Lancet Public Health","2468-2667","2468-2667","PUBLIC, ENVIRONMENTAL & OCCUPATIONAL HEALTH - SCIE","5,793","21.648","Q1","5.48","100"%,
"Lancet Planetary Health","2542-5196","2542-5196","PUBLIC, ENVIRONMENTAL & OCCUPATIONAL HEALTH - SCIE","2,540","19.173","Q1","3.86","100"%,
"MMWR-MORBIDITY AND MORTALITY WEEKLY REPORT","0149-2195","1545-861X","PUBLIC, ENVIRONMENTAL & OCCUPATIONAL HEALTH - SCIE","31,127","17.586","Q1","5.13","0"%,
"BULLETIN OF THE WORLD HEALTH ORGANIZATION","0042-9686","1564-0604","PUBLIC, ENVIRONMENTAL & OCCUPATIONAL HEALTH - SCIE","19,297","9.408","Q1","2.23","0"%,
"AMERICAN JOURNAL OF PUBLIC HEALTH","0090-0036","1541-0048","PUBLIC, ENVIRONMENTAL & OCCUPATIONAL HEALTH - SCIE","51,398","9.308","Q1","2.01","0"%,
"ENVIRONMENTAL HEALTH PERSPECTIVES","0091-6765","1552-9924","PUBLIC, ENVIRONMENTAL & OCCUPATIONAL HEALTH - SCIE","48,245","9.031","Q1","2.4","100"%,
"JOURNAL OF TRAVEL MEDICINE","1195-1982","1708-8305","PUBLIC, ENVIRONMENTAL & OCCUPATIONAL HEALTH - SCIE","5,260","8.49","Q1","1.33","12.1"%,
"EUROPEAN JOURNAL OF EPIDEMIOLOGY","0393-2990","1573-7284","PUBLIC, ENVIRONMENTAL & OCCUPATIONAL HEALTH - SCIE","11,622","8.082","Q1","2.74","46.97"%,
"TOBACCO CONTROL","0964-4563","1468-3318","PUBLIC, ENVIRONMENTAL & OCCUPATIONAL HEALTH - SCIE","10,279","7.552","Q1","2.49","23.36"%,
"INTERNATIONAL JOURNAL OF EPIDEMIOLOGY","0300-5771","1464-3685","PUBLIC, ENVIRONMENTAL & OCCUPATIONAL HEALTH - SCIE","30,944","7.196","Q1","2.7","41.02"%,
"Current Environmental Health Reports","N/A","2196-5412","PUBLIC, ENVIRONMENTAL & OCCUPATIONAL HEALTH - SCIE","1,967","7.122","Q1","2.19","15.13"%,
"ENVIRONMENTAL RESEARCH","0013-9351","1096-0953","PUBLIC, ENVIRONMENTAL & OCCUPATIONAL HEALTH - SCIE","28,576","6.498","Q1","1.78","7.82"%,
"JOURNAL OF CLINICAL EPIDEMIOLOGY","0895-4356","1878-5921","PUBLIC, ENVIRONMENTAL & OCCUPATIONAL HEALTH - SCIE","36,224","6.437","Q1","1.71","20.73"%,
"JOURNAL OF TOXICOLOGY AND ENVIRONMENTAL HEALTH-PART B-CRITICAL REVIEWS","1093-7404","1521-6950","PUBLIC, ENVIRONMENTAL & OCCUPATIONAL HEALTH - SCIE","2,226","6.393","Q1","0.84","17.02"%,
"Current Pollution Reports","2198-6592","2198-6592","PUBLIC, ENVIRONMENTAL & OCCUPATIONAL HEALTH - SCIE","1,107","6.373","Q1","0.98","11.63"%,
"EPIDEMIOLOGIC REVIEWS","0193-936X","1478-6729","PUBLIC, ENVIRONMENTAL & OCCUPATIONAL HEALTH - SCIE","3,938","6.222","Q1","2.89","25.93"%,
"Travel Medicine and Infectious Disease","1477-8939","1873-0442","PUBLIC, ENVIRONMENTAL & OCCUPATIONAL HEALTH - SCIE","5,034","6.211","Q1","1.21","20.24"%,
"Environmental Health","N/A","1476-069X","PUBLIC, ENVIRONMENTAL & OCCUPATIONAL HEALTH - SCIE","7,567","5.984","Q1","1.31","100"%,
"INTERNATIONAL JOURNAL OF HYGIENE AND ENVIRONMENTAL HEALTH","1438-4639","1618-131X","PUBLIC, ENVIRONMENTAL & OCCUPATIONAL HEALTH - SCIE","7,425","5.84","Q1","1.77","23.94"%,
"INDOOR AIR","0905-6947","1600-0668","PUBLIC, ENVIRONMENTAL & OCCUPATIONAL HEALTH - SCIE","7,488","5.77","Q1","1.4","11.89"%,
"DRUG SAFETY","0114-5916","1179-1942","PUBLIC, ENVIRONMENTAL & OCCUPATIONAL HEALTH - SCIE","6,817","5.606","Q1","1.24","37.54"%,
"Journal of Exposure Science and Environmental Epidemiology","1559-0631","1559-064X","PUBLIC, ENVIRONMENTAL & OCCUPATIONAL HEALTH - SCIE","5,227","5.563","Q1","1.35","17.41"%,
"BMJ Global Health","2059-7908","2059-7908","PUBLIC, ENVIRONMENTAL & OCCUPATIONAL HEALTH - SCIE","4,992","5.558","Q1","1.56","99.24"%,
"Evolution Medicine and Public Health","N/A","2050-6201","PUBLIC, ENVIRONMENTAL & OCCUPATIONAL HEALTH - SCIE","758","5.425","Q1","0.94","100"%,
"International Journal of Transgenderism","1553-2739","1434-4599","PUBLIC, ENVIRONMENTAL & OCCUPATIONAL HEALTH - SCIE","1,381","5.333","Q1","1.97","3.33"%,
"AMERICAN JOURNAL OF PREVENTIVE MEDICINE","0749-3797","1873-2607","PUBLIC, ENVIRONMENTAL & OCCUPATIONAL HEALTH - SCIE","28,400","5.043","Q1","1.67","16.35"%,
"SCANDINAVIAN JOURNAL OF WORK ENVIRONMENT & HEALTH","0355-3140","1795-990X","PUBLIC, ENVIRONMENTAL & OCCUPATIONAL HEALTH - SCIE","6,700","5.024","Q1","1.43","81.15"%,
"JOURNAL OF ADOLESCENT HEALTH","1054-139X","1879-1972","PUBLIC, ENVIRONMENTAL & OCCUPATIONAL HEALTH - SCIE","20,914","5.012","Q1","1.58","12.11"%,
"AMERICAN JOURNAL OF EPIDEMIOLOGY","0002-9262","1476-6256","PUBLIC, ENVIRONMENTAL & OCCUPATIONAL HEALTH - SCIE","43,617","4.897","Q1","1.79","15.24"%,
"Antimicrobial Resistance and Infection Control","2047-2994","2047-2994","PUBLIC, ENVIRONMENTAL & OCCUPATIONAL HEALTH - SCIE","3,629","4.887","Q1","1.19","100"%,
"EPIDEMIOLOGY","1044-3983","1531-5487","PUBLIC, ENVIRONMENTAL & OCCUPATIONAL HEALTH - SCIE","16,437","4.822","Q1","1.68","10.88"%,
"Health Reports","0840-6529","1209-1367","PUBLIC, ENVIRONMENTAL & OCCUPATIONAL HEALTH - SCIE","1,781","4.796","Q1","1.52","0"%,
"Clinical Epidemiology","1179-1349","1179-1349","PUBLIC, ENVIRONMENTAL & OCCUPATIONAL HEALTH - SCIE","4,754","4.79","Q1","1.45","100"%,
"PALLIATIVE MEDICINE","0269-2163","1477-030X","PUBLIC, ENVIRONMENTAL & OCCUPATIONAL HEALTH - SCIE","7,332","4.762","Q1","1.45","37.78"%,
"SOCIAL SCIENCE & MEDICINE","0277-9536","1873-5347","PUBLIC, ENVIRONMENTAL & OCCUPATIONAL HEALTH - SCIE","57,968","4.634","Q1","1.49","17.23"%,
"ENVIRONMENTAL GEOCHEMISTRY AND HEALTH","0269-4042","1573-2983","PUBLIC, ENVIRONMENTAL & OCCUPATIONAL HEALTH - SCIE","6,557","4.609","Q1","0.98","6.91"%,
"GeoHealth","2471-1403","2471-1403","PUBLIC, ENVIRONMENTAL & OCCUPATIONAL HEALTH - SCIE","381","4.529","Q1","1.17","100"%,
"Journal of Global Health","2047-2978","2047-2986","PUBLIC, ENVIRONMENTAL & OCCUPATIONAL HEALTH - SCIE","2,764","4.413","Q1","1.07","100"%,
"OCCUPATIONAL AND ENVIRONMENTAL MEDICINE","1351-0711","1470-7926","PUBLIC, ENVIRONMENTAL & OCCUPATIONAL HEALTH - SCIE","11,253","4.402","Q1","1.42","26.24"%,
"JOURNAL OF RURAL HEALTH","0890-765X","1748-0361","PUBLIC, ENVIRONMENTAL & OCCUPATIONAL HEALTH - SCIE","2,866","4.333","Q1","1.63","6.02"%,
"CANCER EPIDEMIOLOGY BIOMARKERS & PREVENTION","1055-9965","1538-7755","PUBLIC, ENVIRONMENTAL & OCCUPATIONAL HEALTH - SCIE","23,046","4.254","Q1","1.31","1.64"%,
"NICOTINE & TOBACCO RESEARCH","1462-2203","1469-994X","PUBLIC, ENVIRONMENTAL & OCCUPATIONAL HEALTH - SCIE","11,360","4.244","Q1","1.5","14.42"%,
"Globalization and Health","N/A","1744-8603","PUBLIC, ENVIRONMENTAL & OCCUPATIONAL HEALTH - SCIE","3,266","4.185","Q1","1.13","100"%,
"LGBT Health","2325-8292","2325-8306","PUBLIC, ENVIRONMENTAL & OCCUPATIONAL HEALTH - SCIE","1,684","4.151","Q1","1.42","1.81"%,
"QUALITY OF LIFE RESEARCH","0962-9343","1573-2649","PUBLIC, ENVIRONMENTAL & OCCUPATIONAL HEALTH - SCIE","19,584","4.147","Q1","1.19","27.58"%,
"JMIR Serious Games","2291-9279","2291-9279","PUBLIC, ENVIRONMENTAL & OCCUPATIONAL HEALTH - SCIE","641","4.143","Q1","1.06","85"%,
"JMIR Public Health and Surveillance","2369-2960","2369-2960","PUBLIC, ENVIRONMENTAL & OCCUPATIONAL HEALTH - SCIE","2,430","4.112","Q2","1.02","100"%,
"HEALTH & PLACE","1353-8292","1873-2054","PUBLIC, ENVIRONMENTAL & OCCUPATIONAL HEALTH - SCIE","9,762","4.078","Q2","1.38","17.68"%,
"PUBLIC HEALTH NUTRITION","1368-9800","1475-2727","PUBLIC, ENVIRONMENTAL & OCCUPATIONAL HEALTH - SCIE","18,093","4.022","Q2","1.02","11.71"%,
"PREVENTIVE MEDICINE","0091-7435","1096-0260","PUBLIC, ENVIRONMENTAL & OCCUPATIONAL HEALTH - SCIE","20,705","4.018","Q2","1.31","11.64"%,
"PAEDIATRIC AND PERINATAL EPIDEMIOLOGY","0269-5022","1365-3016","PUBLIC, ENVIRONMENTAL & OCCUPATIONAL HEALTH - SCIE","4,004","3.98","Q2","1.35","19.25"%,
"JOURNAL OF HOSPITAL INFECTION","0195-6701","1532-2939","PUBLIC, ENVIRONMENTAL & OCCUPATIONAL HEALTH - SCIE","12,760","3.926","Q2","1.09","12.02"%,
"International Journal of Health Geographics","1476-072X","1476-072X","PUBLIC, ENVIRONMENTAL & OCCUPATIONAL HEALTH - SCIE","3,384","3.918","Q2","1.29","100"%,
"One Health","N/A","2352-7714","PUBLIC, ENVIRONMENTAL & OCCUPATIONAL HEALTH - SCIE","829","3.8","Q2","1.27","100"%,
"ANNALS OF EPIDEMIOLOGY","1047-2797","1873-2585","PUBLIC, ENVIRONMENTAL & OCCUPATIONAL HEALTH - SCIE","8,616","3.797","Q2","1.09","5.99"%,
"Journal of Infection and Public Health","1876-0341","1876-035X","PUBLIC, ENVIRONMENTAL & OCCUPATIONAL HEALTH - SCIE","3,870","3.718","Q2","0.95","100"%,
"JOURNAL OF EPIDEMIOLOGY AND COMMUNITY HEALTH","0143-005X","1470-2738","PUBLIC, ENVIRONMENTAL & OCCUPATIONAL HEALTH - SCIE","18,466","3.71","Q2","1.3","32.02"%,
"Frontiers in Public Health","N/A","2296-2565","PUBLIC, ENVIRONMENTAL & OCCUPATIONAL HEALTH - SCIE","8,172","3.709","Q2","0.95","100"%,
"Environmental Health and Preventive Medicine","1342-078X","1347-4715","PUBLIC, ENVIRONMENTAL & OCCUPATIONAL HEALTH - SCIE","2,240","3.674","Q2","1.03","100"%,
"JOURNAL OF URBAN HEALTH-BULLETIN OF THE NEW YORK ACADEMY OF MEDICINE","1099-3460","1468-2869","PUBLIC, ENVIRONMENTAL & OCCUPATIONAL HEALTH - SCIE","5,637","3.671","Q2","1.11","11.11"%,
"Digital Health","2055-2076","2055-2076","PUBLIC, ENVIRONMENTAL & OCCUPATIONAL HEALTH - SCIE","676","3.495","Q2","0.88","100"%,
"REVIEWS ON ENVIRONMENTAL HEALTH","0048-7554","2191-0308","PUBLIC, ENVIRONMENTAL & OCCUPATIONAL HEALTH - SCIE","1,686","3.458","Q2","0.48","3.23"%,
"INTERNATIONAL JOURNAL OF ENVIRONMENTAL HEALTH RESEARCH","0960-3123","1369-1619","PUBLIC, ENVIRONMENTAL & OCCUPATIONAL HEALTH - SCIE","2,047","3.411","Q2","0.86","1.98"%,
"International Journal of Environmental Research and Public Health","N/A","1660-4601","PUBLIC, ENVIRONMENTAL & OCCUPATIONAL HEALTH - SCIE","66,102","3.39","Q2","0.87","100"%,
"COMMUNITY DENTISTRY AND ORAL EPIDEMIOLOGY","0301-5661","1600-0528","PUBLIC, ENVIRONMENTAL & OCCUPATIONAL HEALTH - SCIE","6,027","3.383","Q2","1.12","10.2"%,
"International Journal of Public Health","1661-8556","1661-8564","PUBLIC, ENVIRONMENTAL & OCCUPATIONAL HEALTH - SCIE","4,500","3.38","Q2","1.02","26.73"%,
"HEALTH EXPECTATIONS","1369-6513","1369-7625","PUBLIC, ENVIRONMENTAL & OCCUPATIONAL HEALTH - SCIE","4,873","3.377","Q2","1.13","100"%,
"EUROPEAN JOURNAL OF PUBLIC HEALTH","1101-1262","1464-360X","PUBLIC, ENVIRONMENTAL & OCCUPATIONAL HEALTH - SCIE","8,937","3.367","Q2","0.91","26.44"%,
"BMC PUBLIC HEALTH","N/A","1471-2458","PUBLIC, ENVIRONMENTAL & OCCUPATIONAL HEALTH - SCIE","57,109","3.295","Q2","1.08","100"%,
"Epidemiology and Health","2092-7193","2092-7193","PUBLIC, ENVIRONMENTAL & OCCUPATIONAL HEALTH - SCIE","1,725","3.282","Q2","0.85","100"%,
"NEUROEPIDEMIOLOGY","0251-5350","1423-0208","PUBLIC, ENVIRONMENTAL & OCCUPATIONAL HEALTH - SCIE","4,484","3.282","Q2","0.86","5.66"%,
"INFECTION CONTROL AND HOSPITAL EPIDEMIOLOGY","0899-823X","1559-6834","PUBLIC, ENVIRONMENTAL & OCCUPATIONAL HEALTH - SCIE","12,884","3.254","Q2","0.93","9.25"%,
"Health Promotion and Chronic Disease Prevention in Canada-Research Policy and Practice","2368-738X","2368-738X","PUBLIC, ENVIRONMENTAL & OCCUPATIONAL HEALTH - SCIE","597","3.24","Q2","0.91","100"%,
"Reproductive Health","N/A","1742-4755","PUBLIC, ENVIRONMENTAL & OCCUPATIONAL HEALTH - SCIE","5,442","3.223","Q2","0.97","100"%,
"JOURNAL OF EPIDEMIOLOGY","0917-5040","0917-5040","PUBLIC, ENVIRONMENTAL & OCCUPATIONAL HEALTH - SCIE","4,219","3.211","Q2","1.4","100"%,
"Current Epidemiology Reports","N/A","2196-2995","PUBLIC, ENVIRONMENTAL & OCCUPATIONAL HEALTH - SCIE","803","3.161","Q2","0.93","11.29"%,
"BIOMEDICAL AND ENVIRONMENTAL SCIENCES","0895-3988","N/A","PUBLIC, ENVIRONMENTAL & OCCUPATIONAL HEALTH - SCIE","3,087","3.118","Q2","0.6","0"%,
"PSYCHIATRIC SERVICES","1075-2730","1557-9700","PUBLIC, ENVIRONMENTAL & OCCUPATIONAL HEALTH - SCIE","13,896","3.084","Q2","1.05","0.17"%,
"Prehospital Emergency Care","1090-3127","1545-0066","PUBLIC, ENVIRONMENTAL & OCCUPATIONAL HEALTH - SCIE","3,310","3.077","Q2","1.25","2.7"%,
"Translational Behavioral Medicine","1869-6716","1613-9860","PUBLIC, ENVIRONMENTAL & OCCUPATIONAL HEALTH - SCIE","2,467","3.046","Q2","0.99","5.26"%,
"SCANDINAVIAN JOURNAL OF PUBLIC HEALTH","1403-4948","1651-1905","PUBLIC, ENVIRONMENTAL & OCCUPATIONAL HEALTH - SCIE","7,088","3.021","Q2","0.94","16.55"%,
"INTERNATIONAL ARCHIVES OF OCCUPATIONAL AND ENVIRONMENTAL HEALTH","0340-0131","1432-1246","PUBLIC, ENVIRONMENTAL & OCCUPATIONAL HEALTH - SCIE","5,435","3.015","Q2","0.98","40.12"%,
"INDOOR AND BUILT ENVIRONMENT","1420-326X","1423-0070","PUBLIC, ENVIRONMENTAL & OCCUPATIONAL HEALTH - SCIE","2,863","3.015","Q2","0.57","3.33"%,
"Cancer Epidemiology","1877-7821","1877-783X","PUBLIC, ENVIRONMENTAL & OCCUPATIONAL HEALTH - SCIE","4,347","2.984","Q2","0.8","13.13"%,
"MEDICAL CARE","0025-7079","1537-1948","PUBLIC, ENVIRONMENTAL & OCCUPATIONAL HEALTH - SCIE","23,770","2.983","Q2","1.27","5.77"%,
"PATIENT EDUCATION AND COUNSELING","0738-3991","1873-5134","PUBLIC, ENVIRONMENTAL & OCCUPATIONAL HEALTH - SCIE","16,897","2.94","Q2","1.34","6.93"%,
"AUSTRALIAN AND NEW ZEALAND JOURNAL OF PUBLIC HEALTH","1326-0200","1753-6405","PUBLIC, ENVIRONMENTAL & OCCUPATIONAL HEALTH - SCIE","4,426","2.939","Q2","0.89","100"%,
"AMERICAN JOURNAL OF INFECTION CONTROL","0196-6553","1527-3296","PUBLIC, ENVIRONMENTAL & OCCUPATIONAL HEALTH - SCIE","12,101","2.918","Q2","0.8","7.74"%,
"Pathogens and Global Health","2047-7724","2047-7732","PUBLIC, ENVIRONMENTAL & OCCUPATIONAL HEALTH - SCIE","1,504","2.894","Q2","0.82","3.42"%,
"PHARMACOEPIDEMIOLOGY AND DRUG SAFETY","1053-8569","1099-1557","PUBLIC, ENVIRONMENTAL & OCCUPATIONAL HEALTH - SCIE","7,767","2.89","Q2","0.95","18.31"%,
"Preventing Chronic Disease","1545-1151","1545-1151","PUBLIC, ENVIRONMENTAL & OCCUPATIONAL HEALTH - SCIE","6,215","2.83","Q2","0.93","0.47"%,
"PUBLIC HEALTH REPORTS","0033-3549","1468-2877","PUBLIC, ENVIRONMENTAL & OCCUPATIONAL HEALTH - SCIE","7,621","2.792","Q2","0.78","1.32"%,
"ETHNICITY & HEALTH","1355-7858","1465-3419","PUBLIC, ENVIRONMENTAL & OCCUPATIONAL HEALTH - SCIE","2,096","2.772","Q2","1.22","3.08"%,
"Conflict and Health","1752-1505","1752-1505","PUBLIC, ENVIRONMENTAL & OCCUPATIONAL HEALTH - SCIE","1,127","2.723","Q2","0.9","100"%,
"JOURNAL OF OCCUPATIONAL HEALTH","1341-9145","1348-9585","PUBLIC, ENVIRONMENTAL & OCCUPATIONAL HEALTH - SCIE","4,284","2.708","Q2","0.72","100"%,
"Safety and Health at Work","2093-7911","2093-7997","PUBLIC, ENVIRONMENTAL & OCCUPATIONAL HEALTH - SCIE","1,513","2.707","Q2","0.83","100"%,
"Sexual Health","1448-5028","1449-8987","PUBLIC, ENVIRONMENTAL & OCCUPATIONAL HEALTH - SCIE","1,742","2.706","Q2","0.67","19.68"%,
"JOURNAL OF WOMENS HEALTH","1540-9996","1931-843X","PUBLIC, ENVIRONMENTAL & OCCUPATIONAL HEALTH - SCIE","7,434","2.681","Q3","1.15","7.59"%,
"Journal of Occupational Medicine and Toxicology","1745-6673","1745-6673","PUBLIC, ENVIRONMENTAL & OCCUPATIONAL HEALTH - SCIE","1,179","2.646","Q3","0.87","100"%,
"Global Health Action","N/A","1654-9880","PUBLIC, ENVIRONMENTAL & OCCUPATIONAL HEALTH - SCIE","4,579","2.64","Q3","0.87","99.47"%,
"TROPICAL MEDICINE & INTERNATIONAL HEALTH","1360-2276","1365-3156","PUBLIC, ENVIRONMENTAL & OCCUPATIONAL HEALTH - SCIE","9,155","2.622","Q3","0.91","19.91"%,
"Tobacco Induced Diseases","1617-9625","N/A","PUBLIC, ENVIRONMENTAL & OCCUPATIONAL HEALTH - SCIE","1,355","2.6","Q3","0.61","100"%,
"Archives of Public Health","0778-7367","2049-3258","PUBLIC, ENVIRONMENTAL & OCCUPATIONAL HEALTH - SCIE","1,678","2.589","Q3","0.79","100"%,
"Disability and Health Journal","1936-6574","1876-7583","PUBLIC, ENVIRONMENTAL & OCCUPATIONAL HEALTH - SCIE","2,139","2.554","Q3","0.99","4.35"%,
"JOURNAL OF TOXICOLOGY AND ENVIRONMENTAL HEALTH-PART A-CURRENT ISSUES","1528-7394","1087-2620","PUBLIC, ENVIRONMENTAL & OCCUPATIONAL HEALTH - SCIE","5,032","2.527","Q3","0.81","1.41"%,
"CANCER CAUSES & CONTROL","0957-5243","1573-7225","PUBLIC, ENVIRONMENTAL & OCCUPATIONAL HEALTH - SCIE","8,510","2.506","Q3","0.72","9.55"%,
"Journal of Tropical Medicine","1687-9686","1687-9694","PUBLIC, ENVIRONMENTAL & OCCUPATIONAL HEALTH - SCIE","794","2.488","Q3","0.67","100"%,
"HEALTH PROMOTION INTERNATIONAL","0957-4824","1460-2245","PUBLIC, ENVIRONMENTAL & OCCUPATIONAL HEALTH - SCIE","4,787","2.483","Q3","0.87","7.52"%,
"International Health","1876-3413","1876-3405","PUBLIC, ENVIRONMENTAL & OCCUPATIONAL HEALTH - SCIE","1,298","2.473","Q3","0.53","38.79"%,
"Annals of Global Health","2214-9996","2214-9996","PUBLIC, ENVIRONMENTAL & OCCUPATIONAL HEALTH - SCIE","1,629","2.462","Q3","0.57","100"%,
"Global Health-Science and Practice","2169-575X","2169-575X","PUBLIC, ENVIRONMENTAL & OCCUPATIONAL HEALTH - SCIE","1,225","2.453","Q3","0.87","100"%,
"EPIDEMIOLOGY AND INFECTION","0950-2688","1469-4409","PUBLIC, ENVIRONMENTAL & OCCUPATIONAL HEALTH - SCIE","11,763","2.451","Q3","0.76","69.98"%,
"PUBLIC HEALTH","0033-3506","1476-5616","PUBLIC, ENVIRONMENTAL & OCCUPATIONAL HEALTH - SCIE","7,603","2.427","Q3","0.79","9.46"%,
"Psychology Health & Medicine","1354-8506","1465-3966","PUBLIC, ENVIRONMENTAL & OCCUPATIONAL HEALTH - SCIE","3,830","2.423","Q3","0.93","1.92"%,
"Chronic Illness","1742-3953","1745-9206","PUBLIC, ENVIRONMENTAL & OCCUPATIONAL HEALTH - SCIE","898","2.409","Q3","0.66","2.11"%,
"Journal of Developmental Origins of Health and Disease","2040-1744","2040-1752","PUBLIC, ENVIRONMENTAL & OCCUPATIONAL HEALTH - SCIE","1,568","2.401","Q3","0.87","7.66"%,
"INJURY PREVENTION","1353-8047","1475-5785","PUBLIC, ENVIRONMENTAL & OCCUPATIONAL HEALTH - SCIE","4,180","2.399","Q3","0.86","16.43"%,
"STATISTICS IN MEDICINE","0277-6715","1097-0258","PUBLIC, ENVIRONMENTAL & OCCUPATIONAL HEALTH - SCIE","33,374","2.373","Q3","0.82","14.58"%,
"AMERICAN JOURNAL OF TROPICAL MEDICINE AND HYGIENE","0002-9637","1476-1645","PUBLIC, ENVIRONMENTAL & OCCUPATIONAL HEALTH - SCIE","25,730","2.345","Q3","0.93","4.16"%,
"JOURNAL OF PUBLIC HEALTH","1741-3842","1741-3850","PUBLIC, ENVIRONMENTAL & OCCUPATIONAL HEALTH - SCIE","4,284","2.341","Q3","0.78","15.25"%,
"TOXICOLOGY AND INDUSTRIAL HEALTH","0748-2337","1477-0393","PUBLIC, ENVIRONMENTAL & OCCUPATIONAL HEALTH - SCIE","3,215","2.273","Q3","0.64","3.98"%,
"JOURNAL OF PUBLIC HEALTH POLICY","0197-5897","1745-655X","PUBLIC, ENVIRONMENTAL & OCCUPATIONAL HEALTH - SCIE","1,228","2.222","Q3","0.72","15.32"%,
"AMERICAN JOURNAL OF INDUSTRIAL MEDICINE","0271-3586","1097-0274","PUBLIC, ENVIRONMENTAL & OCCUPATIONAL HEALTH - SCIE","6,413","2.214","Q3","0.71","6.02"%,
"INTERNATIONAL JOURNAL OF TECHNOLOGY ASSESSMENT IN HEALTH CARE","0266-4623","1471-6348","PUBLIC, ENVIRONMENTAL & OCCUPATIONAL HEALTH - SCIE","2,522","2.188","Q3","0.5","18.18"%,
"TRANSACTIONS OF THE ROYAL SOCIETY OF TROPICAL MEDICINE AND HYGIENE","0035-9203","1878-3503","PUBLIC, ENVIRONMENTAL & OCCUPATIONAL HEALTH - SCIE","9,029","2.184","Q3","0.69","21.2"%,
"Economics & Human Biology","1570-677X","1873-6130","PUBLIC, ENVIRONMENTAL & OCCUPATIONAL HEALTH - SCIE","2,232","2.184","Q3","0.88","9.83"%,
"Annals of Work Exposures and Health","2398-7308","2398-7316","PUBLIC, ENVIRONMENTAL & OCCUPATIONAL HEALTH - SCIE","736","2.179","Q3","0.74","14.18"%,
"INDUSTRIAL HEALTH","0019-8366","1880-8026","PUBLIC, ENVIRONMENTAL & OCCUPATIONAL HEALTH - SCIE","2,632","2.179","Q3","0.48","0.56"%,
"JOURNAL OF OCCUPATIONAL AND ENVIRONMENTAL MEDICINE","1076-2752","1536-5948","PUBLIC, ENVIRONMENTAL & OCCUPATIONAL HEALTH - SCIE","8,499","2.162","Q3","0.7","6.97"%,
"JOURNAL OF OCCUPATIONAL AND ENVIRONMENTAL HYGIENE","1545-9624","1545-9632","PUBLIC, ENVIRONMENTAL & OCCUPATIONAL HEALTH - SCIE","3,086","2.155","Q3","0.6","4.91"%,
"Gaceta Sanitaria","0213-9111","1578-1283","PUBLIC, ENVIRONMENTAL & OCCUPATIONAL HEALTH - SCIE","2,417","2.139","Q3","0.62","100"%,
"JOURNAL OF MEDICAL SCREENING","0969-1413","1475-5793","PUBLIC, ENVIRONMENTAL & OCCUPATIONAL HEALTH - SCIE","1,370","2.136","Q3","0.72","26.28"%,
"VECTOR-BORNE AND ZOONOTIC DISEASES","1530-3667","1557-7759","PUBLIC, ENVIRONMENTAL & OCCUPATIONAL HEALTH - SCIE","4,957","2.133","Q3","0.77","5.85"%,
"JOURNAL OF SCHOOL HEALTH","0022-4391","1746-1561","PUBLIC, ENVIRONMENTAL & OCCUPATIONAL HEALTH - SCIE","5,051","2.118","Q3","0.97","7.16"%,
"REVISTA DE SAUDE PUBLICA","0034-8910","1518-8787","PUBLIC, ENVIRONMENTAL & OCCUPATIONAL HEALTH - SCIE","5,815","2.106","Q3","0.63","100"%,
"JOURNAL OF CANCER EDUCATION","0885-8195","1543-0154","PUBLIC, ENVIRONMENTAL & OCCUPATIONAL HEALTH - SCIE","3,045","2.037","Q3","0.77","8.5"%,
"Public Health Genomics","1662-4246","1662-8063","PUBLIC, ENVIRONMENTAL & OCCUPATIONAL HEALTH - SCIE","914","2","Q3","0.48","7.94"%,
"JOURNAL OF HEALTH POPULATION AND NUTRITION","1606-0997","2072-1315","PUBLIC, ENVIRONMENTAL & OCCUPATIONAL HEALTH - SCIE","2,543","2","Q3","0.58","100"%,
"JOURNAL OF ENVIRONMENTAL SCIENCE AND HEALTH PART B-PESTICIDES FOOD CONTAMINANTS AND AGRICULTURAL WASTES","0360-1234","1532-4109","PUBLIC, ENVIRONMENTAL & OCCUPATIONAL HEALTH - SCIE","3,253","1.99","Q3","0.56","0.57"%,
"HIGH ALTITUDE MEDICINE & BIOLOGY","1527-0297","1557-8682","PUBLIC, ENVIRONMENTAL & OCCUPATIONAL HEALTH - SCIE","1,570","1.981","Q3","0.57","4.73"%,
"Families Systems & Health","1091-7527","1939-0602","PUBLIC, ENVIRONMENTAL & OCCUPATIONAL HEALTH - SCIE","1,285","1.95","Q3","0.61","0"%,
"Arhiv za Higijenu Rada i Toksikologiju-Archives of Industrial Hygiene and Toxicology","0004-1254","1848-6312","PUBLIC, ENVIRONMENTAL & OCCUPATIONAL HEALTH - SCIE","1,113","1.948","Q3","0.43","100"%,
"Public Health Ethics","1754-9973","1754-9981","PUBLIC, ENVIRONMENTAL & OCCUPATIONAL HEALTH - SCIE","532","1.94","Q3","0.66","24.05"%,
"Epidemiologia & Prevenzione","1120-9763","2385-1937","PUBLIC, ENVIRONMENTAL & OCCUPATIONAL HEALTH - SCIE","917","1.901","Q3","0.46","0"%,
"EUROPEAN JOURNAL OF CONTRACEPTION AND REPRODUCTIVE HEALTH CARE","1362-5187","1473-0782","PUBLIC, ENVIRONMENTAL & OCCUPATIONAL HEALTH - SCIE","1,515","1.848","Q3","0.62","14.22"%,
"ETHNICITY & DISEASE","1049-510X","1945-0826","PUBLIC, ENVIRONMENTAL & OCCUPATIONAL HEALTH - SCIE","2,721","1.847","Q3","0.68","0"%,
"International Journal of Occupational Medicine and Environmental Health","1232-1087","1896-494X","PUBLIC, ENVIRONMENTAL & OCCUPATIONAL HEALTH - SCIE","1,890","1.843","Q3","0.59","100"%,
"JOURNAL OF PUBLIC HEALTH DENTISTRY","0022-4006","1752-7325","PUBLIC, ENVIRONMENTAL & OCCUPATIONAL HEALTH - SCIE","2,142","1.821","Q3","0.7","2.33"%,
"Rural and Remote Health","1445-6354","N/A","PUBLIC, ENVIRONMENTAL & OCCUPATIONAL HEALTH - SCIE","2,325","1.759","Q4","0.41","100"%,
"Journal of Epidemiology and Global Health","2210-6006","2210-6014","PUBLIC, ENVIRONMENTAL & OCCUPATIONAL HEALTH - SCIE","892","1.719","Q4","0.69","100"%,
"Journal of Agromedicine","1059-924X","1545-0813","PUBLIC, ENVIRONMENTAL & OCCUPATIONAL HEALTH - SCIE","942","1.675","Q4","0.57","2.42"%,
"ANNALI DELL ISTITUTO SUPERIORE DI SANITA","0021-2571","N/A","PUBLIC, ENVIRONMENTAL & OCCUPATIONAL HEALTH - SCIE","1,459","1.663","Q4","0.51","100"%,
"Archives of Environmental & Occupational Health","1933-8244","2154-4700","PUBLIC, ENVIRONMENTAL & OCCUPATIONAL HEALTH - SCIE","2,459","1.663","Q4","0.5","2.84"%,
"Australian Journal of Rural Health","1038-5282","1440-1584","PUBLIC, ENVIRONMENTAL & OCCUPATIONAL HEALTH - SCIE","1,741","1.662","Q4","0.76","3.29"%,
"Cadernos de Saude Publica","0102-311X","1678-4464","PUBLIC, ENVIRONMENTAL & OCCUPATIONAL HEALTH - SCIE","7,250","1.632","Q4","0.45","100"%,
"EASTERN MEDITERRANEAN HEALTH JOURNAL","1020-3397","1687-1634","PUBLIC, ENVIRONMENTAL & OCCUPATIONAL HEALTH - SCIE","3,247","1.628","Q4","0.39","0"%,
"OCCUPATIONAL MEDICINE-OXFORD","0962-7480","1471-8405","PUBLIC, ENVIRONMENTAL & OCCUPATIONAL HEALTH - SCIE","4,870","1.611","Q4","0.57","6.07"%,
"ANNALS OF HUMAN BIOLOGY","0301-4460","1464-5033","PUBLIC, ENVIRONMENTAL & OCCUPATIONAL HEALTH - SCIE","2,667","1.533","Q4","0.65","5.07"%,
"Tobacco Regulatory Science","2333-9748","2333-9748","PUBLIC, ENVIRONMENTAL & OCCUPATIONAL HEALTH - SCIE","516","1.531","Q4","0.66","23.53"%,
"WILDERNESS & ENVIRONMENTAL MEDICINE","1080-6032","1545-1534","PUBLIC, ENVIRONMENTAL & OCCUPATIONAL HEALTH - SCIE","1,433","1.518","Q4","0.55","3.79"%,
"Bundesgesundheitsblatt-Gesundheitsforschung-Gesundheitsschutz","1436-9990","1437-1588","PUBLIC, ENVIRONMENTAL & OCCUPATIONAL HEALTH - SCIE","2,921","1.513","Q4","0.44","33.33"%,
"JOURNAL OF BEHAVIORAL HEALTH SERVICES & RESEARCH","1094-3412","1556-3308","PUBLIC, ENVIRONMENTAL & OCCUPATIONAL HEALTH - SCIE","1,596","1.505","Q4","0.68","5.14"%,
"Traffic Injury Prevention","1538-9588","1538-957X","PUBLIC, ENVIRONMENTAL & OCCUPATIONAL HEALTH - SCIE","3,273","1.491","Q4","0.53","9.76"%,
"PUBLIC HEALTH NURSING","0737-1209","1525-1446","PUBLIC, ENVIRONMENTAL & OCCUPATIONAL HEALTH - SCIE","1,923","1.462","Q4","0.72","4.04"%,
"ANNALS OF AGRICULTURAL AND ENVIRONMENTAL MEDICINE","1232-1966","1898-2263","PUBLIC, ENVIRONMENTAL & OCCUPATIONAL HEALTH - SCIE","2,691","1.447","Q4","0.36","100"%,
"Iranian Journal of Public Health","2251-6085","2251-6093","PUBLIC, ENVIRONMENTAL & OCCUPATIONAL HEALTH - SCIE","3,611","1.429","Q4","0.4","0"%,
"Asia-Pacific Journal of Public Health","1010-5395","1941-2479","PUBLIC, ENVIRONMENTAL & OCCUPATIONAL HEALTH - SCIE","2,233","1.399","Q4","0.51","5.64"%,
"JOURNAL OF RADIOLOGICAL PROTECTION","0952-4746","1361-6498","PUBLIC, ENVIRONMENTAL & OCCUPATIONAL HEALTH - SCIE","1,438","1.394","Q4","0.54","12.76"%,
"Disaster Medicine and Public Health Preparedness","1935-7893","1938-744X","PUBLIC, ENVIRONMENTAL & OCCUPATIONAL HEALTH - SCIE","2,444","1.385","Q4","0.5","10.99"%,
"HEALTH PHYSICS","0017-9078","1538-5159","PUBLIC, ENVIRONMENTAL & OCCUPATIONAL HEALTH - SCIE","5,109","1.316","Q4","0.48","4.31"%,
"Australian Journal of Primary Health","1448-7527","1836-7399","PUBLIC, ENVIRONMENTAL & OCCUPATIONAL HEALTH - SCIE","1,185","1.307","Q4","0.54","15.02"%,
"AJAR-African Journal of AIDS Research","1608-5906","1727-9445","PUBLIC, ENVIRONMENTAL & OCCUPATIONAL HEALTH - SCIE","708","1.3","Q4","0.41","7.83"%,
"Medicina del Lavoro","0025-7818","0025-7818","PUBLIC, ENVIRONMENTAL & OCCUPATIONAL HEALTH - SCIE","596","1.275","Q4","0.35","0"%,
"International Journal of Circumpolar Health","1239-9736","2242-3982","PUBLIC, ENVIRONMENTAL & OCCUPATIONAL HEALTH - SCIE","1,543","1.228","Q4","0.47","100"%,
"Asian Pacific Journal of Tropical Medicine","1995-7645","2352-4146","PUBLIC, ENVIRONMENTAL & OCCUPATIONAL HEALTH - SCIE","3,942","1.226","Q4","0.6","100"%,
"FLUORIDE","0015-4725","2253-4083","PUBLIC, ENVIRONMENTAL & OCCUPATIONAL HEALTH - SCIE","1,143","1.224","Q4","0.35","100"%,
"Geospatial Health","1827-1987","1970-7096","PUBLIC, ENVIRONMENTAL & OCCUPATIONAL HEALTH - SCIE","862","1.212","Q4","0.41","100"%,
"Journal of Arthropod-Borne Diseases","2322-1984","2322-2271","PUBLIC, ENVIRONMENTAL & OCCUPATIONAL HEALTH - SCIE","536","1.198","Q4","0.39","100"%,
"JOURNAL OF ENVIRONMENTAL HEALTH","0022-0892","0022-0892","PUBLIC, ENVIRONMENTAL & OCCUPATIONAL HEALTH - SCIE","1,178","1.179","Q4","0.18","0"%,
"Central European Journal of Public Health","1210-7778","1803-1048","PUBLIC, ENVIRONMENTAL & OCCUPATIONAL HEALTH - SCIE","995","1.163","Q4","0.33","0"%,
"Aerospace Medicine and Human Performance","2375-6314","2375-6322","PUBLIC, ENVIRONMENTAL & OCCUPATIONAL HEALTH - SCIE","732","1.053","Q4","0.29","1.8"%,
"REVUE D EPIDEMIOLOGIE ET DE SANTE PUBLIQUE","0398-7620","1773-0627","PUBLIC, ENVIRONMENTAL & OCCUPATIONAL HEALTH - SCIE","899","1.019","Q4","0.26","1.33"%,
"RADIOPROTECTION","0033-8451","1769-700X","PUBLIC, ENVIRONMENTAL & OCCUPATIONAL HEALTH - SCIE","649","1.015","Q4","0.39","39.84"%,
"RADIATION PROTECTION DOSIMETRY","0144-8420","1742-3406","PUBLIC, ENVIRONMENTAL & OCCUPATIONAL HEALTH - SCIE","6,949","0.972","Q4","0.35","2.19"%,
"Diving and Hyperbaric Medicine","1833-3516","1833-3516","PUBLIC, ENVIRONMENTAL & OCCUPATIONAL HEALTH - SCIE","399","0.887","Q4","0.46","0"%,
"Malawi Medical Journal","1995-7262","1995-7270","PUBLIC, ENVIRONMENTAL & OCCUPATIONAL HEALTH - SCIE","1,063","0.875","Q4","0.3","100"%,
"Noise & Health","1463-1741","1998-4030","PUBLIC, ENVIRONMENTAL & OCCUPATIONAL HEALTH - SCIE","1,564","0.867","Q4","0.43","100"%,
"Anales del Sistema Sanitario De Navarra","1137-6627","N/A","PUBLIC, ENVIRONMENTAL & OCCUPATIONAL HEALTH - SCIE","427","0.829","Q4","0.25","0"%,
"MEDYCYNA PRACY","0465-5893","2353-1339","PUBLIC, ENVIRONMENTAL & OCCUPATIONAL HEALTH - SCIE","659","0.76","Q4","0.27","100"%,
"TROPICAL DOCTOR","0049-4755","1758-1133","PUBLIC, ENVIRONMENTAL & OCCUPATIONAL HEALTH - SCIE","1,086","0.731","Q4","0.25","1.4"%,
"Ethiopian Journal of Health Development","1021-6790","1021-6790","PUBLIC, ENVIRONMENTAL & OCCUPATIONAL HEALTH - SCIE","992","0.725","Q4","0.15","0"%,
"Puerto Rico Health Sciences Journal","0738-0658","N/A","PUBLIC, ENVIRONMENTAL & OCCUPATIONAL HEALTH - SCIE","393","0.705","Q4","0.2","0"%,
"MEDICC Review","1555-7960","N/A","PUBLIC, ENVIRONMENTAL & OCCUPATIONAL HEALTH - SCIE","359","0.583","Q4","0.2","4.84"%,
"Journal of Mens Health","1875-6867","1875-6859","PUBLIC, ENVIRONMENTAL & OCCUPATIONAL HEALTH - SCIE","287","0.537","Q4","0.15","100"%,
"Journal of Nepal Medical Association","0028-2715","1815-672X","PUBLIC, ENVIRONMENTAL & OCCUPATIONAL HEALTH - SCIE","499","0.406","Q4","0.12","100"%,
"SOUTHEAST ASIAN JOURNAL OF TROPICAL MEDICINE AND PUBLIC HEALTH","0125-1562","N/A","PUBLIC, ENVIRONMENTAL & OCCUPATIONAL HEALTH - SCIE","3,143","0.267","Q4","0.1","0"%,
"Archives des Maladies Professionnelles et de l Environnement","1775-8785","1778-4190","PUBLIC, ENVIRONMENTAL & OCCUPATIONAL HEALTH - SCIE","122","0.205","Q4","0.05","0"%,
"Sante Publique","0995-3914","2104-3841","PUBLIC, ENVIRONMENTAL & OCCUPATIONAL HEALTH - SCIE","418","0.203","Q4","0.08","0"%,
"International Journal of Transgender Health","2689-5269","2689-5277","PUBLIC, ENVIRONMENTAL & OCCUPATIONAL HEALTH - SCIE","36","n/a","Q4","n/a","14.06"%,

Copyright (c) 2021 Clarivate 
By exporting the selected data; you agree to the data usage policy set forth in the Terms of Use 
